mean_fit_time,std_fit_time,mean_score_time,std_score_time,param_colsample_bytree,param_gamma,param_learning_rate,param_max_depth,param_min_child_weight,param_n_estimators,param_reg_alpha,param_reg_lambda,param_subsample,params,split0_test_score,split1_test_score,split2_test_score,split3_test_score,split4_test_score,mean_test_score,std_test_score,rank_test_score
123.57368564605713,62.70026830848381,0.21056661605834961,0.028989516815122053,0.9,7,0.07,3,3,600,2,5,0.7,"{'colsample_bytree': 0.9, 'gamma': 7, 'learning_rate': 0.07, 'max_depth': 3, 'min_child_weight': 3, 'n_estimators': 600, 'reg_alpha': 2, 'reg_lambda': 5, 'subsample': 0.7}",0.6959787037190758,0.6880547393822884,0.6932733531096729,0.7022906953523869,0.7037654799005959,0.6966725942928039,0.005799583325877959,1
193.41654052734376,63.599711382590215,0.16839208602905273,0.017406625882383557,0.9,7,0.07,3,3,600,2,7,0.7,"{'colsample_bytree': 0.9, 'gamma': 7, 'learning_rate': 0.07, 'max_depth': 3, 'min_child_weight': 3, 'n_estimators': 600, 'reg_alpha': 2, 'reg_lambda': 7, 'subsample': 0.7}",0.6955142446977172,0.6876345336434854,0.6936662849810872,0.7021798072110224,0.7034275934532319,0.6964844927973088,0.005793940052914775,2
113.76121673583984,5.165737204632142,0.17459936141967775,0.011306746138521638,0.9,7,0.07,3,3,600,2,9,0.7,"{'colsample_bytree': 0.9, 'gamma': 7, 'learning_rate': 0.07, 'max_depth': 3, 'min_child_weight': 3, 'n_estimators': 600, 'reg_alpha': 2, 'reg_lambda': 9, 'subsample': 0.7}",0.6958469269619628,0.68777005864191,0.6934235116583712,0.7015267992674311,0.7034997955388471,0.6964134184137045,0.005662711852640253,3
92.48639044761657,10.69528818961014,0.13706440925598146,0.004689884910107931,0.9,7,0.07,3,3,600,2,11,0.7,"{'colsample_bytree': 0.9, 'gamma': 7, 'learning_rate': 0.07, 'max_depth': 3, 'min_child_weight': 3, 'n_estimators': 600, 'reg_alpha': 2, 'reg_lambda': 11, 'subsample': 0.7}",0.6957418606722587,0.6874431065021619,0.6930642171440584,0.702073311610806,0.7036027899816882,0.6963850571821946,0.0059304648634474315,4
74.78246564865113,14.856146005034955,0.12229800224304199,0.025304418111183342,0.9,7,0.07,3,3,600,2,13,0.7,"{'colsample_bytree': 0.9, 'gamma': 7, 'learning_rate': 0.07, 'max_depth': 3, 'min_child_weight': 3, 'n_estimators': 600, 'reg_alpha': 2, 'reg_lambda': 13, 'subsample': 0.7}",0.6954663040395894,0.6877854350119946,0.6929529080714676,0.701928038340397,0.7036576596050501,0.6963580690136999,0.0058341923286847975,5
