mean_fit_time,std_fit_time,mean_score_time,std_score_time,param_colsample_bytree,param_gamma,param_learning_rate,param_max_depth,param_min_child_weight,param_n_estimators,param_reg_alpha,param_reg_lambda,param_subsample,params,split0_test_score,split1_test_score,split2_test_score,split3_test_score,split4_test_score,mean_test_score,std_test_score,rank_test_score
163.0480598926544,8.531097275028172,0.20808591842651367,0.04543343178546327,0.9,7,0.07,3,3,600,2,4.5,0.7,"{'colsample_bytree': 0.9, 'gamma': 7, 'learning_rate': 0.07, 'max_depth': 3, 'min_child_weight': 3, 'n_estimators': 600, 'reg_alpha': 2, 'reg_lambda': 4.5, 'subsample': 0.7}",0.6954156145757113,0.6881121766861298,0.6929831928351562,0.7024441247843192,0.7035757538166392,0.6965061725395911,0.005818902393954162,2
152.91730933189393,30.811914961184684,0.15570783615112305,0.013755715352605193,0.9,7,0.07,3,3,600,2,5,0.7,"{'colsample_bytree': 0.9, 'gamma': 7, 'learning_rate': 0.07, 'max_depth': 3, 'min_child_weight': 3, 'n_estimators': 600, 'reg_alpha': 2, 'reg_lambda': 5, 'subsample': 0.7}",0.6959787037190758,0.6880547393822884,0.6932733531096729,0.7022906953523869,0.7037654799005959,0.6966725942928039,0.005799583325877959,1
92.55309443473816,17.528586083659984,0.1302049160003662,0.03543791083868767,0.9,7,0.07,3,3,600,2,5.5,0.7,"{'colsample_bytree': 0.9, 'gamma': 7, 'learning_rate': 0.07, 'max_depth': 3, 'min_child_weight': 3, 'n_estimators': 600, 'reg_alpha': 2, 'reg_lambda': 5.5, 'subsample': 0.7}",0.6954888170063254,0.687743790057332,0.693175796107847,0.702265662324761,0.7035316847933271,0.6964411500579185,0.005855154508991887,3
