mean_fit_time,std_fit_time,mean_score_time,std_score_time,param_colsample_bytree,param_gamma,param_learning_rate,param_max_depth,param_min_child_weight,param_n_estimators,param_subsample,params,split0_test_score,split1_test_score,split2_test_score,split3_test_score,split4_test_score,mean_test_score,std_test_score,rank_test_score
449.26363697052,1.9232185281214778,0.2993935108184814,0.03835390421824386,0.9,1.5,0.1,3,3,600,0.7,"{'colsample_bytree': 0.9, 'gamma': 1.5, 'learning_rate': 0.1, 'max_depth': 3, 'min_child_weight': 3, 'n_estimators': 600, 'subsample': 0.7}",0.6946359665908466,0.6865887498206399,0.6926156034996223,0.70094222978908,0.7029746343129022,0.6955514368026183,0.00589832978271167,1
516.5365117549896,4.2062892140151,0.41884164810180663,0.08741827762946708,0.9,1.5,0.1,3,3,700,0.7,"{'colsample_bytree': 0.9, 'gamma': 1.5, 'learning_rate': 0.1, 'max_depth': 3, 'min_child_weight': 3, 'n_estimators': 700, 'subsample': 0.7}",0.6946760595323769,0.6861892316135694,0.6925588570182049,0.7002295610343469,0.7027486388136475,0.6952804696024291,0.005842775917838134,2
442.0416915893555,109.16973188029056,0.2795475959777832,0.08720010394212799,0.9,1.5,0.1,3,3,800,0.7,"{'colsample_bytree': 0.9, 'gamma': 1.5, 'learning_rate': 0.1, 'max_depth': 3, 'min_child_weight': 3, 'n_estimators': 800, 'subsample': 0.7}",0.6944279117123613,0.6858922076840004,0.6919966959374813,0.6999028069798816,0.7022350086272331,0.6948909261881916,0.0058072778788030716,3
221.04900088310242,64.13100906069953,0.23557939529418945,0.010171705130196586,0.9,1.5,0.1,3,3,900,0.7,"{'colsample_bytree': 0.9, 'gamma': 1.5, 'learning_rate': 0.1, 'max_depth': 3, 'min_child_weight': 3, 'n_estimators': 900, 'subsample': 0.7}",0.6940640243118446,0.6851507521855307,0.6917043765333812,0.6992388548244104,0.7017073341942616,0.6943730684098857,0.005826420396021841,4
132.70461826324464,26.2074733254436,0.20625100135803223,0.04352629560524109,0.9,1.5,0.1,3,3,1000,0.7,"{'colsample_bytree': 0.9, 'gamma': 1.5, 'learning_rate': 0.1, 'max_depth': 3, 'min_child_weight': 3, 'n_estimators': 1000, 'subsample': 0.7}",0.6935883125217204,0.6845137767695237,0.6913516064530738,0.6989809403578832,0.7010056839333894,0.6938880640071181,0.005848053215018254,5
