mean_fit_time,std_fit_time,mean_score_time,std_score_time,param_colsample_bytree,param_gamma,param_learning_rate,param_max_depth,param_min_child_weight,param_n_estimators,param_subsample,params,split0_test_score,split1_test_score,split2_test_score,split3_test_score,split4_test_score,mean_test_score,std_test_score,rank_test_score
168.63899426460267,30.220162472416984,0.20435948371887208,0.026214460644576394,0.9,4,0.07,3,3,600,0.7,"{'colsample_bytree': 0.9, 'gamma': 4, 'learning_rate': 0.07, 'max_depth': 3, 'min_child_weight': 3, 'n_estimators': 600, 'subsample': 0.7}",0.6949899880074806,0.6871154041144046,0.692958669877134,0.7021473930305426,0.7026092734368007,0.6959641456932725,0.005842471497053832,4
229.1152723789215,6.986669838848544,0.21319184303283692,0.029533589557903306,0.9,5,0.07,3,3,600,0.7,"{'colsample_bytree': 0.9, 'gamma': 5, 'learning_rate': 0.07, 'max_depth': 3, 'min_child_weight': 3, 'n_estimators': 600, 'subsample': 0.7}",0.6947553241940512,0.6871319169987999,0.6927753543281449,0.7018198441588798,0.7027015712743656,0.6958368021908482,0.005817885004734824,5
228.7739098072052,17.517163185191865,0.19777498245239258,0.019856075111438772,0.9,6,0.07,3,3,600,0.7,"{'colsample_bytree': 0.9, 'gamma': 6, 'learning_rate': 0.07, 'max_depth': 3, 'min_child_weight': 3, 'n_estimators': 600, 'subsample': 0.7}",0.6954026431842515,0.6871940637802422,0.6928350349478151,0.7020195463128962,0.702930758422741,0.6960764093295891,0.005867870309619534,2
229.7137107849121,2.86930545699145,0.19056448936462403,0.0265164130590851,0.9,6.5,0.07,3,3,600,0.7,"{'colsample_bytree': 0.9, 'gamma': 6.5, 'learning_rate': 0.07, 'max_depth': 3, 'min_child_weight': 3, 'n_estimators': 600, 'subsample': 0.7}",0.695201442985331,0.6874437725639255,0.6927887127044101,0.7017515369251395,0.7031505167116505,0.6960671963780912,0.005802526636164987,3
211.85818166732787,51.585075306955254,0.19467949867248535,0.05153376900765776,0.9,7,0.07,3,3,600,0.7,"{'colsample_bytree': 0.9, 'gamma': 7, 'learning_rate': 0.07, 'max_depth': 3, 'min_child_weight': 3, 'n_estimators': 600, 'subsample': 0.7}",0.6956180628810266,0.6874786009087905,0.6926910987530654,0.7016850421717377,0.7033131373007091,0.6961571884030657,0.005820431025270322,1
